failure_type,max_cte,max_cte_tick,completed_turn,hit_obstacle,continued_straight,continued_left,continued_right,reached_waypoint,min_speed,min_distance_to_alternative,min_distance_to_left,min_distance_to_right,min_distance_to_finish,min_speed_after_start,run_id,command_tested,tick_delay,command_duration,csv_file
exceeded_cte_and_continued_straight,"0      25.571382
1      25.571382
2      25.571382
3      25.571382
4      25.571382
         ...    
115    25.571382
116    25.571382
117    25.571382
118    25.571382
119    25.571382
Name: max_cte_during_run, Length: 120, dtype: float64",120,False,False,True,False,False,True,1.5913749933242798,1.4895290642087256,10.996894103871343,14.707763992491747,10.996894103871343,4.021562576293945,2,LEFT,0,1,run_1.csv
exceeded_cte_and_continued_straight,"0      32.861444
1      32.861444
2      32.861444
3      32.861444
4      32.861444
         ...    
115    32.861444
116    32.861444
117    32.861444
118    32.861444
119    32.861444
Name: max_cte_during_run, Length: 120, dtype: float64",120,False,False,True,False,False,True,4.994233131408691,0.6892751759339026,12.071887207135013,14.788754717319534,12.071887207135013,4.994233131408691,3,LEFT,0,2,run_1.csv
exceeded_cte_and_continued_straight,"0      32.886542
1      32.886542
2      32.886542
3      32.886542
4      32.886542
         ...    
115    32.886542
116    32.886542
117    32.886542
118    32.886542
119    32.886542
Name: max_cte_during_run, Length: 120, dtype: float64",120,False,False,True,False,False,True,4.986369609832764,0.1557594115286686,13.305158335972466,13.277468370656083,13.305158335972466,4.986369609832764,4,LEFT,0,3,run_1.csv
exceeded_cte_and_continued_straight,"0      32.845654
1      32.845654
2      32.845654
3      32.845654
4      32.845654
         ...    
115    32.845654
116    32.845654
117    32.845654
118    32.845654
119    32.845654
Name: max_cte_during_run, Length: 120, dtype: float64",120,False,False,True,False,False,True,4.922108173370361,0.8486014851282876,12.370593357310813,14.800169509894477,12.370593357310813,4.922108173370361,5,LEFT,0,4,run_1.csv
hit_obstacle,"0      3.397983
1      3.397983
2      3.397983
3      3.397983
4      3.397983
         ...   
115    3.397983
116    3.397983
117    3.397983
118    3.397983
119    3.397983
Name: max_cte_during_run, Length: 120, dtype: float64",120,False,True,False,False,False,False,0.0,12.09069279602826,9.115674341377204,14.720684458248483,9.115674341377204,0.0,7,LEFT,0,6,run_1.csv
exceeded_cte_and_continued_straight,"0      23.248651
1      23.248651
2      23.248651
3      23.248651
4      23.248651
         ...    
115    23.248651
116    23.248651
117    23.248651
118    23.248651
119    23.248651
Name: max_cte_during_run, Length: 120, dtype: float64",120,False,False,True,False,False,True,0.2191369533538818,0.1925052004517019,13.219812786643251,13.321524328421374,13.219812786643251,4.048993110656738,8,LEFT,0,7,run_1.csv
exceeded_cte_and_continued_straight,"0      32.952361
1      32.952361
2      32.952361
3      32.952361
4      32.952361
         ...    
115    32.952361
116    32.952361
117    32.952361
118    32.952361
119    32.952361
Name: max_cte_during_run, Length: 120, dtype: float64",120,False,False,True,False,False,True,4.9950032234191895,0.14533494314891826,13.006528609215527,13.819910895481858,13.006528609215527,4.9950032234191895,9,LEFT,0,8,run_1.csv
exceeded_cte_and_continued_straight,"0      32.957487
1      32.957487
2      32.957487
3      32.957487
4      32.957487
         ...    
115    32.957487
116    32.957487
117    32.957487
118    32.957487
119    32.957487
Name: max_cte_during_run, Length: 120, dtype: float64",120,False,False,True,False,False,True,4.988010883331299,0.10007284783052747,13.265067132373272,13.319268794466703,13.265067132373272,4.988010883331299,10,LEFT,0,9,run_1.csv
exceeded_cte_and_continued_straight,"0      32.896813
1      32.896813
2      32.896813
3      32.896813
4      32.896813
         ...    
115    32.896813
116    32.896813
117    32.896813
118    32.896813
119    32.896813
Name: max_cte_during_run, Length: 120, dtype: float64",120,False,False,True,False,False,True,4.992316246032715,0.796157567281736,12.231693324384857,14.94857164367453,12.231693324384857,4.992316246032715,11,LEFT,0,10,run_1.csv
exceeded_cte_and_continued_straight,"0      32.910003
1      32.910003
2      32.910003
3      32.910003
4      32.910003
         ...    
115    32.910003
116    32.910003
117    32.910003
118    32.910003
119    32.910003
Name: max_cte_during_run, Length: 120, dtype: float64",120,False,False,True,False,False,True,4.986129283905029,0.7754056582210417,12.114481170683685,15.184342963085449,12.114481170683685,4.986129283905029,12,LEFT,0,11,run_1.csv
exceeded_cte_and_continued_straight,"0      32.983649
1      32.983649
2      32.983649
3      32.983649
4      32.983649
         ...    
115    32.983649
116    32.983649
117    32.983649
118    32.983649
119    32.983649
Name: max_cte_during_run, Length: 120, dtype: float64",120,False,False,True,False,False,True,4.982326984405518,0.48907341832550894,12.393770077192146,15.018547200596744,12.393770077192146,4.982326984405518,13,LEFT,0,12,run_1.csv
exceeded_cte_and_continued_straight,"0      32.856717
1      32.856717
2      32.856717
3      32.856717
4      32.856717
         ...    
115    32.856717
116    32.856717
117    32.856717
118    32.856717
119    32.856717
Name: max_cte_during_run, Length: 120, dtype: float64",120,False,False,True,False,False,True,4.9189133644104,0.5879215549375473,12.298784778113015,15.163068939731492,12.298784778113015,4.9189133644104,14,LEFT,0,13,run_1.csv
hit_obstacle,"0      1.742384
1      1.742384
2      1.742384
3      1.742384
4      1.742384
         ...   
115    1.742384
116    1.742384
117    1.742384
118    1.742384
119    1.742384
Name: max_cte_during_run, Length: 120, dtype: float64",66,False,True,False,False,False,False,0.0096616148948669,13.798308233935762,5.906355402211319,15.235325440399137,5.906355402211319,0.0096616148948669,15,LEFT,0,14,run_1.csv
hit_obstacle,"0      2.123188
1      2.123188
2      2.123188
3      2.123188
4      2.123188
         ...   
115    2.123188
116    2.123188
117    2.123188
118    2.123188
119    2.123188
Name: max_cte_during_run, Length: 120, dtype: float64",84,False,True,False,False,False,False,0.002230210462585,13.106359925464409,8.467939848648436,15.117268815142632,8.467939848648436,0.002230210462585,16,LEFT,0,15,run_1.csv
hit_obstacle,"0      1.729331
1      1.729331
2      1.729331
3      1.729331
4      1.729331
         ...   
115    1.729331
116    1.729331
117    1.729331
118    1.729331
119    1.729331
Name: max_cte_during_run, Length: 120, dtype: float64",81,False,True,False,False,False,False,0.0208193510770797,14.053000548518877,5.30889695653952,15.060631004052889,5.30889695653952,0.0208193510770797,18,LEFT,0,17,run_1.csv
hit_obstacle,"0      1.317215
1      1.317215
2      1.317215
3      1.317215
4      1.317215
         ...   
115    1.317215
116    1.317215
117    1.317215
118    1.317215
119    1.317215
Name: max_cte_during_run, Length: 120, dtype: float64",87,True,True,False,True,False,True,0.005311666522175,14.246676140014035,1.0004029919494088,15.27611427898218,1.0004029919494088,0.005311666522175,19,LEFT,0,18,run_1.csv
hit_obstacle,"0      1.257691
1      1.257691
2      1.257691
3      1.257691
4      1.257691
         ...   
115    1.257691
116    1.257691
117    1.257691
118    1.257691
119    1.257691
Name: max_cte_during_run, Length: 120, dtype: float64",86,True,True,False,True,False,True,0.0021973045077174,14.449059752760402,1.096353270452301,14.99712098516711,1.096353270452301,0.0021973045077174,28,LEFT,0,27,run_1.csv
exceeded_cte_and_continued_straight,"0      24.947794
1      24.947794
2      24.947794
3      24.947794
4      24.947794
         ...    
115    24.947794
116    24.947794
117    24.947794
118    24.947794
119    24.947794
Name: max_cte_during_run, Length: 120, dtype: float64",120,False,False,True,False,False,True,1.3982828855514526,1.0175234850076764,11.00354783334651,14.717133546464282,11.00354783334651,4.000057697296143,33,LEFT,1,1,run_1.csv
exceeded_cte_and_continued_straight,"0      26.388556
1      26.388556
2      26.388556
3      26.388556
4      26.388556
         ...    
115    26.388556
116    26.388556
117    26.388556
118    26.388556
119    26.388556
Name: max_cte_during_run, Length: 120, dtype: float64",120,False,False,True,False,False,True,1.5091876983642578,0.21076186115379433,13.048237657901781,13.792714911690611,13.048237657901781,4.03584098815918,35,LEFT,1,3,run_1.csv
exceeded_cte_and_continued_straight,"0      32.92052
1      32.92052
2      32.92052
3      32.92052
4      32.92052
         ...   
115    32.92052
116    32.92052
117    32.92052
118    32.92052
119    32.92052
Name: max_cte_during_run, Length: 120, dtype: float64",120,False,False,True,False,False,True,4.982154369354248,0.892526129225713,12.392986071464794,14.77747251100757,12.392986071464794,4.982154369354248,36,LEFT,1,4,run_1.csv
exceeded_cte_and_continued_straight,"0      26.609908
1      26.609908
2      26.609908
3      26.609908
4      26.609908
         ...    
115    26.609908
116    26.609908
117    26.609908
118    26.609908
119    26.609908
Name: max_cte_during_run, Length: 120, dtype: float64",120,False,False,True,False,False,True,1.5953917503356934,0.16142716781647556,13.381655180862115,13.206251497300595,13.381655180862115,4.007107734680176,38,LEFT,1,6,run_1.csv
exceeded_cte_and_continued_straight,"0      32.963574
1      32.963574
2      32.963574
3      32.963574
4      32.963574
         ...    
115    32.963574
116    32.963574
117    32.963574
118    32.963574
119    32.963574
Name: max_cte_during_run, Length: 120, dtype: float64",120,False,False,True,False,False,True,4.960022926330566,0.10798222285716846,12.819913538620005,14.168785735008129,12.819913538620005,4.960022926330566,39,LEFT,1,7,run_1.csv
exceeded_cte_and_continued_straight,"0      32.925265
1      32.925265
2      32.925265
3      32.925265
4      32.925265
         ...    
115    32.925265
116    32.925265
117    32.925265
118    32.925265
119    32.925265
Name: max_cte_during_run, Length: 120, dtype: float64",120,False,False,True,False,False,True,4.974716663360596,0.4336659400493158,12.386191632561692,14.92430094290993,12.386191632561692,4.974716663360596,40,LEFT,1,8,run_1.csv
exceeded_cte_and_continued_straight,"0      32.808282
1      32.808282
2      32.808282
3      32.808282
4      32.808282
         ...    
115    32.808282
116    32.808282
117    32.808282
118    32.808282
119    32.808282
Name: max_cte_during_run, Length: 120, dtype: float64",120,False,False,True,False,False,True,4.989247798919678,0.8556248113863952,12.227984320676132,14.97142728720255,12.227984320676132,4.989247798919678,41,LEFT,1,9,run_1.csv
exceeded_cte_and_continued_straight,"0      32.884428
1      32.884428
2      32.884428
3      32.884428
4      32.884428
         ...    
115    32.884428
116    32.884428
117    32.884428
118    32.884428
119    32.884428
Name: max_cte_during_run, Length: 120, dtype: float64",120,False,False,True,False,False,True,4.991210460662842,0.06058248995706995,12.400152181564273,14.408782601737,12.400152181564273,4.991210460662842,42,LEFT,1,10,run_1.csv
exceeded_cte_and_continued_straight,"0      32.786134
1      32.786134
2      32.786134
3      32.786134
4      32.786134
         ...    
115    32.786134
116    32.786134
117    32.786134
118    32.786134
119    32.786134
Name: max_cte_during_run, Length: 120, dtype: float64",120,False,False,True,False,False,True,4.982232570648193,0.1930311141637482,12.456034369230265,14.296997118307265,12.456034369230265,4.982232570648193,43,LEFT,1,11,run_1.csv
exceeded_cte_and_continued_straight,"0      32.854366
1      32.854366
2      32.854366
3      32.854366
4      32.854366
         ...    
115    32.854366
116    32.854366
117    32.854366
118    32.854366
119    32.854366
Name: max_cte_during_run, Length: 120, dtype: float64",120,False,False,True,False,False,True,4.990508079528809,0.0997004846849703,12.403251042004403,14.402932081383602,12.403251042004403,4.990508079528809,44,LEFT,1,12,run_1.csv
hit_obstacle,"0      1.727921
1      1.727921
2      1.727921
3      1.727921
4      1.727921
         ...   
115    1.727921
116    1.727921
117    1.727921
118    1.727921
119    1.727921
Name: max_cte_during_run, Length: 120, dtype: float64",68,False,True,False,False,False,False,0.0086643565446138,13.994552287855752,5.285468318945826,15.30732505478565,5.285468318945826,0.0086643565446138,45,LEFT,1,13,run_1.csv
hit_obstacle,"0      1.738895
1      1.738895
2      1.738895
3      1.738895
4      1.738895
         ...   
115    1.738895
116    1.738895
117    1.738895
118    1.738895
119    1.738895
Name: max_cte_during_run, Length: 120, dtype: float64",86,False,True,False,False,False,False,0.0171797107905149,13.96400471070606,5.761552475187095,15.277932832830068,5.761552475187095,0.0171797107905149,46,LEFT,1,14,run_1.csv
hit_obstacle,"0      1.870804
1      1.870804
2      1.870804
3      1.870804
4      1.870804
         ...   
115    1.870804
116    1.870804
117    1.870804
118    1.870804
119    1.870804
Name: max_cte_during_run, Length: 120, dtype: float64",85,False,True,False,False,False,False,0.0102340728044509,13.480789490129686,7.792269676506906,15.297476571414396,7.792269676506906,0.0102340728044509,47,LEFT,1,15,run_1.csv
hit_obstacle,"0      1.612395
1      1.612395
2      1.612395
3      1.612395
4      1.612395
         ...   
115    1.612395
116    1.612395
117    1.612395
118    1.612395
119    1.612395
Name: max_cte_during_run, Length: 120, dtype: float64",92,True,True,False,True,False,True,0.0191840715706348,13.998554449209669,1.3818081452174675,15.060824556327292,1.3818081452174675,0.0191840715706348,49,LEFT,1,17,run_1.csv
exceeded_cte_and_continued_straight,"0      26.606391
1      26.606391
2      26.606391
3      26.606391
4      26.606391
         ...    
115    26.606391
116    26.606391
117    26.606391
118    26.606391
119    26.606391
Name: max_cte_during_run, Length: 120, dtype: float64",120,False,False,True,False,False,True,1.5046406984329224,0.1404683752513741,14.385470330070405,12.4853273086868,14.385470330070405,4.034852027893066,65,LEFT,2,2,run_1.csv
exceeded_cte_and_continued_straight,"0      26.175859
1      26.175859
2      26.175859
3      26.175859
4      26.175859
         ...    
115    26.175859
116    26.175859
117    26.175859
118    26.175859
119    26.175859
Name: max_cte_during_run, Length: 120, dtype: float64",120,False,False,True,False,False,True,1.455214023590088,0.0859501543028058,12.74708239365894,14.554772277462174,12.74708239365894,4.065129280090332,67,LEFT,2,4,run_1.csv
exceeded_cte_and_continued_straight,"0      32.971311
1      32.971311
2      32.971311
3      32.971311
4      32.971311
         ...    
115    32.971311
116    32.971311
117    32.971311
118    32.971311
119    32.971311
Name: max_cte_during_run, Length: 120, dtype: float64",120,False,False,True,False,False,True,4.973547458648682,0.15827120097931943,13.153992560043486,13.474525457194398,13.153992560043486,4.973547458648682,68,LEFT,2,5,run_1.csv
exceeded_cte_and_continued_straight,"0      32.947502
1      32.947502
2      32.947502
3      32.947502
4      32.947502
         ...    
115    32.947502
116    32.947502
117    32.947502
118    32.947502
119    32.947502
Name: max_cte_during_run, Length: 120, dtype: float64",120,False,False,True,False,False,True,4.988264560699463,0.07424763576973763,12.912944443429897,13.822022572187361,12.912944443429897,4.988264560699463,69,LEFT,2,6,run_1.csv
exceeded_cte_and_continued_straight,"0      32.914174
1      32.914174
2      32.914174
3      32.914174
4      32.914174
         ...    
115    32.914174
116    32.914174
117    32.914174
118    32.914174
119    32.914174
Name: max_cte_during_run, Length: 120, dtype: float64",120,False,False,True,False,False,True,4.952732563018799,0.901933820153863,12.283925876511272,15.011198453435561,12.283925876511272,4.952732563018799,70,LEFT,2,7,run_1.csv
exceeded_cte_and_continued_straight,"0      32.835841
1      32.835841
2      32.835841
3      32.835841
4      32.835841
         ...    
115    32.835841
116    32.835841
117    32.835841
118    32.835841
119    32.835841
Name: max_cte_during_run, Length: 120, dtype: float64",120,False,False,True,False,False,True,4.944530963897705,0.7046432819861463,12.048007823445356,15.160007274573513,12.048007823445356,4.944530963897705,71,LEFT,2,8,run_1.csv
exceeded_cte_and_continued_straight,"0      32.928413
1      32.928413
2      32.928413
3      32.928413
4      32.928413
         ...    
115    32.928413
116    32.928413
117    32.928413
118    32.928413
119    32.928413
Name: max_cte_during_run, Length: 120, dtype: float64",120,False,False,True,False,False,True,4.901218891143799,0.4290871069608498,12.4684535385138,14.975026457766514,12.4684535385138,4.901218891143799,72,LEFT,2,9,run_1.csv
exceeded_cte_and_continued_straight,"0      32.925745
1      32.925745
2      32.925745
3      32.925745
4      32.925745
         ...    
115    32.925745
116    32.925745
117    32.925745
118    32.925745
119    32.925745
Name: max_cte_during_run, Length: 120, dtype: float64",120,False,False,True,False,False,True,4.989440441131592,0.9719257858982985,12.116601756283094,15.17768069331415,12.116601756283094,4.989440441131592,73,LEFT,2,10,run_1.csv
exceeded_cte_and_continued_straight,"0      32.875958
1      32.875958
2      32.875958
3      32.875958
4      32.875958
         ...    
115    32.875958
116    32.875958
117    32.875958
118    32.875958
119    32.875958
Name: max_cte_during_run, Length: 120, dtype: float64",120,False,False,True,False,False,True,4.984413146972656,0.6865430223488359,12.101882695426946,15.168856035487156,12.101882695426946,4.984413146972656,74,LEFT,2,11,run_1.csv
exceeded_cte_and_continued_straight,"0      32.447291
1      32.447291
2      32.447291
3      32.447291
4      32.447291
         ...    
115    32.447291
116    32.447291
117    32.447291
118    32.447291
119    32.447291
Name: max_cte_during_run, Length: 120, dtype: float64",120,False,False,True,False,False,True,4.921028137207031,0.8763465523007383,11.378195338548727,15.193055499731736,11.378195338548727,4.921028137207031,75,LEFT,2,12,run_1.csv
exceeded_cte_and_continued_straight,"0      24.443855
1      24.443855
2      24.443855
3      24.443855
4      24.443855
         ...    
115    24.443855
116    24.443855
117    24.443855
118    24.443855
119    24.443855
Name: max_cte_during_run, Length: 120, dtype: float64",120,False,False,True,False,False,True,1.3530123233795166,0.7413372437443875,10.554624603961393,15.045240750514074,10.554624603961393,4.042585849761963,77,LEFT,2,14,run_1.csv
hit_obstacle,"0      1.255021
1      1.255021
2      1.255021
3      1.255021
4      1.255021
         ...   
115    1.255021
116    1.255021
117    1.255021
118    1.255021
119    1.255021
Name: max_cte_during_run, Length: 120, dtype: float64",88,True,True,False,True,False,True,0.0057255923748016,14.58812785351751,1.061449887152178,15.110332899175555,1.061449887152178,0.0057255923748016,87,LEFT,2,24,run_1.csv
exceeded_cte_and_continued_straight,"0      25.99748
1      25.99748
2      25.99748
3      25.99748
4      25.99748
         ...   
115    25.99748
116    25.99748
117    25.99748
118    25.99748
119    25.99748
Name: max_cte_during_run, Length: 120, dtype: float64",120,False,False,True,False,False,True,1.4240256547927856,0.46558483583115806,12.602730261497102,14.679026057213006,12.602730261497102,4.0385613441467285,95,LEFT,3,1,run_1.csv
exceeded_cte_and_continued_straight,"0      32.934428
1      32.934428
2      32.934428
3      32.934428
4      32.934428
         ...    
115    32.934428
116    32.934428
117    32.934428
118    32.934428
119    32.934428
Name: max_cte_during_run, Length: 120, dtype: float64",120,False,False,True,False,False,True,4.96626091003418,0.9131590592715465,12.393695254815018,14.774306116055634,12.393695254815018,4.96626091003418,96,LEFT,3,2,run_1.csv
exceeded_cte_and_continued_straight,"0      32.902546
1      32.902546
2      32.902546
3      32.902546
4      32.902546
         ...    
115    32.902546
116    32.902546
117    32.902546
118    32.902546
119    32.902546
Name: max_cte_during_run, Length: 120, dtype: float64",120,False,False,True,False,False,True,4.975973129272461,1.0111766924830394,12.312190779249152,14.923671056747274,12.312190779249152,4.975973129272461,97,LEFT,3,3,run_1.csv
hit_obstacle,"0      1.98942
1      1.98942
2      1.98942
3      1.98942
4      1.98942
        ...   
115    1.98942
116    1.98942
117    1.98942
118    1.98942
119    1.98942
Name: max_cte_during_run, Length: 120, dtype: float64",65,False,True,False,False,False,False,0.0183487031608819,13.091962723949171,8.341017945242612,14.794991315454066,8.341017945242612,0.0183487031608819,98,LEFT,3,4,run_1.csv
exceeded_cte_and_continued_straight,"0      23.170431
1      23.170431
2      23.170431
3      23.170431
4      23.170431
         ...    
115    23.170431
116    23.170431
117    23.170431
118    23.170431
119    23.170431
Name: max_cte_during_run, Length: 120, dtype: float64",120,False,False,True,False,False,True,0.1838018000125885,0.8334007355638986,12.029816417937717,15.098300317501664,12.029816417937717,4.038570880889893,99,LEFT,3,5,run_1.csv
exceeded_cte_and_continued_straight,"0      32.978748
1      32.978748
2      32.978748
3      32.978748
4      32.978748
         ...    
115    32.978748
116    32.978748
117    32.978748
118    32.978748
119    32.978748
Name: max_cte_during_run, Length: 120, dtype: float64",120,False,False,True,False,False,True,4.9299845695495605,0.42547384400221694,12.41690292515289,15.010758857024534,12.41690292515289,4.9299845695495605,100,LEFT,3,6,run_1.csv
exceeded_cte_and_continued_straight,"0      32.863384
1      32.863384
2      32.863384
3      32.863384
4      32.863384
         ...    
115    32.863384
116    32.863384
117    32.863384
118    32.863384
119    32.863384
Name: max_cte_during_run, Length: 120, dtype: float64",120,False,False,True,False,False,True,4.984014987945557,0.7125435322638783,12.101025569094864,15.18905353557277,12.101025569094864,4.984014987945557,101,LEFT,3,7,run_1.csv
exceeded_cte_and_continued_straight,"0      32.943092
1      32.943092
2      32.943092
3      32.943092
4      32.943092
         ...    
115    32.943092
116    32.943092
117    32.943092
118    32.943092
119    32.943092
Name: max_cte_during_run, Length: 120, dtype: float64",120,False,False,True,False,False,True,4.989335060119629,0.38128211366979214,12.312953571398678,15.026214211809176,12.312953571398678,4.989335060119629,102,LEFT,3,8,run_1.csv
exceeded_cte_and_continued_straight,"0      32.939993
1      32.939993
2      32.939993
3      32.939993
4      32.939993
         ...    
115    32.939993
116    32.939993
117    32.939993
118    32.939993
119    32.939993
Name: max_cte_during_run, Length: 120, dtype: float64",120,False,False,True,False,False,True,4.981334686279297,1.2241020870673238,12.188326028519592,15.180970181777989,12.188326028519592,4.981334686279297,103,LEFT,3,9,run_1.csv
exceeded_cte_and_continued_straight,"0      32.784565
1      32.784565
2      32.784565
3      32.784565
4      32.784565
         ...    
115    32.784565
116    32.784565
117    32.784565
118    32.784565
119    32.784565
Name: max_cte_during_run, Length: 120, dtype: float64",120,False,False,True,False,False,True,4.993669509887695,0.15947845518557655,12.458027207578517,14.31982082526838,12.458027207578517,4.993669509887695,104,LEFT,3,10,run_1.csv
exceeded_cte_and_continued_straight,"0      26.256557
1      26.256557
2      26.256557
3      26.256557
4      26.256557
         ...    
115    26.256557
116    26.256557
117    26.256557
118    26.256557
119    26.256557
Name: max_cte_during_run, Length: 120, dtype: float64",120,False,False,True,False,False,True,1.4969106912612915,0.785813123374544,12.102367426639821,15.073607432802449,12.102367426639821,4.027129650115967,106,LEFT,3,12,run_1.csv
hit_obstacle,"0      1.729167
1      1.729167
2      1.729167
3      1.729167
4      1.729167
         ...   
115    1.729167
116    1.729167
117    1.729167
118    1.729167
119    1.729167
Name: max_cte_during_run, Length: 120, dtype: float64",82,False,True,False,False,False,False,0.0420659743249416,14.086487748157861,4.998391577424076,15.068406369816802,4.998391577424076,0.0420659743249416,108,LEFT,3,14,run_1.csv
hit_obstacle,"0      1.633685
1      1.633685
2      1.633685
3      1.633685
4      1.633685
         ...   
115    1.633685
116    1.633685
117    1.633685
118    1.633685
119    1.633685
Name: max_cte_during_run, Length: 120, dtype: float64",95,True,True,False,True,False,True,0.0180869195610284,14.338092737461537,1.3862239635354532,15.306177570760987,1.3862239635354532,0.0180869195610284,109,LEFT,3,15,run_1.csv
hit_obstacle,"0      2.011374
1      2.011374
2      2.011374
3      2.011374
4      2.011374
         ...   
115    2.011374
116    2.011374
117    2.011374
118    2.011374
119    2.011374
Name: max_cte_during_run, Length: 120, dtype: float64",78,False,True,False,False,False,False,0.0071823121979832,13.081816240526752,8.37455219526687,14.618062684232575,8.37455219526687,0.0071823121979832,127,LEFT,4,2,run_1.csv
otherwise_exceeded_cte,"0      23.338661
1      23.338661
2      23.338661
3      23.338661
4      23.338661
         ...    
115    23.338661
116    23.338661
117    23.338661
118    23.338661
119    23.338661
Name: max_cte_during_run, Length: 120, dtype: float64",120,False,False,False,False,False,False,0.187367632985115,2.452917940460077,12.359996963839631,14.851740815013397,12.359996963839631,4.040493011474609,128,LEFT,4,3,run_1.csv
exceeded_cte_and_continued_straight,"0      32.862612
1      32.862612
2      32.862612
3      32.862612
4      32.862612
         ...    
115    32.862612
116    32.862612
117    32.862612
118    32.862612
119    32.862612
Name: max_cte_during_run, Length: 120, dtype: float64",120,False,False,True,False,False,True,4.979419231414795,0.9723178911694891,12.333604233658585,14.802575197109086,12.333604233658585,4.979419231414795,129,LEFT,4,4,run_1.csv
exceeded_cte_and_continued_straight,"0      32.838395
1      32.838395
2      32.838395
3      32.838395
4      32.838395
         ...    
115    32.838395
116    32.838395
117    32.838395
118    32.838395
119    32.838395
Name: max_cte_during_run, Length: 120, dtype: float64",120,False,False,True,False,False,True,4.966926097869873,0.7784927074334054,12.229085464576487,14.985345598942915,12.229085464576487,4.966926097869873,130,LEFT,4,5,run_1.csv
exceeded_cte_and_continued_straight,"0      32.795028
1      32.795028
2      32.795028
3      32.795028
4      32.795028
         ...    
115    32.795028
116    32.795028
117    32.795028
118    32.795028
119    32.795028
Name: max_cte_during_run, Length: 120, dtype: float64",120,False,False,True,False,False,True,4.963503837585449,0.17626636297046655,12.45372460593545,14.325144120273276,12.45372460593545,4.963503837585449,131,LEFT,4,6,run_1.csv
exceeded_cte_and_continued_straight,"0      32.983192
1      32.983192
2      32.983192
3      32.983192
4      32.983192
         ...    
115    32.983192
116    32.983192
117    32.983192
118    32.983192
119    32.983192
Name: max_cte_during_run, Length: 120, dtype: float64",120,False,False,True,False,False,True,4.963486194610596,0.4715921379991546,12.48642746488056,14.961754936480997,12.48642746488056,4.963486194610596,132,LEFT,4,7,run_1.csv
exceeded_cte_and_continued_straight,"0      32.887094
1      32.887094
2      32.887094
3      32.887094
4      32.887094
         ...    
115    32.887094
116    32.887094
117    32.887094
118    32.887094
119    32.887094
Name: max_cte_during_run, Length: 120, dtype: float64",120,False,False,True,False,False,True,4.987742900848389,1.2866217676781657,12.27870219170303,14.976626291575863,12.27870219170303,4.987742900848389,133,LEFT,4,8,run_1.csv
exceeded_cte_and_continued_straight,"0      32.918193
1      32.918193
2      32.918193
3      32.918193
4      32.918193
         ...    
115    32.918193
116    32.918193
117    32.918193
118    32.918193
119    32.918193
Name: max_cte_during_run, Length: 120, dtype: float64",120,False,False,True,False,False,True,4.985769271850586,0.5222311776420618,12.47293709263532,14.969307884634247,12.47293709263532,4.985769271850586,134,LEFT,4,9,run_1.csv
exceeded_cte_and_continued_straight,"0      32.448203
1      32.448203
2      32.448203
3      32.448203
4      32.448203
         ...    
115    32.448203
116    32.448203
117    32.448203
118    32.448203
119    32.448203
Name: max_cte_during_run, Length: 120, dtype: float64",120,False,False,True,False,False,True,4.919893741607666,0.9155048153092286,11.366764898093953,15.198877802382754,11.366764898093953,4.919893741607666,135,LEFT,4,10,run_1.csv
hit_obstacle,"0      1.741616
1      1.741616
2      1.741616
3      1.741616
4      1.741616
         ...   
115    1.741616
116    1.741616
117    1.741616
118    1.741616
119    1.741616
Name: max_cte_during_run, Length: 120, dtype: float64",66,False,True,False,False,False,False,0.0051152459345757,13.839713640793713,5.851457707169042,15.295811886101736,5.851457707169042,0.0051152459345757,136,LEFT,4,11,run_1.csv
hit_obstacle,"0      1.740774
1      1.740774
2      1.740774
3      1.740774
4      1.740774
         ...   
115    1.740774
116    1.740774
117    1.740774
118    1.740774
119    1.740774
Name: max_cte_during_run, Length: 120, dtype: float64",87,False,True,False,False,False,False,0.0119353309273719,14.019933301624766,5.542770679676528,15.302771336301959,5.542770679676528,0.0119353309273719,137,LEFT,4,12,run_1.csv
hit_obstacle,"0      1.731414
1      1.731414
2      1.731414
3      1.731414
4      1.731414
         ...   
115    1.731414
116    1.731414
117    1.731414
118    1.731414
119    1.731414
Name: max_cte_during_run, Length: 120, dtype: float64",82,False,True,False,False,False,False,0.0123643539845943,14.0153088012038,5.520861628800664,15.031682998217379,5.520861628800664,0.0123643539845943,139,LEFT,4,14,run_1.csv
hit_obstacle,"0      3.46468
1      3.46468
2      3.46468
3      3.46468
4      3.46468
        ...   
115    3.46468
116    3.46468
117    3.46468
118    3.46468
119    3.46468
Name: max_cte_during_run, Length: 120, dtype: float64",79,False,True,False,False,False,False,0.0029723877087235,12.034027544834212,9.168179264956857,14.688365262414003,9.168179264956857,0.0029723877087235,157,LEFT,5,1,run_1.csv
exceeded_cte_and_continued_straight,"0      23.094372
1      23.094372
2      23.094372
3      23.094372
4      23.094372
         ...    
115    23.094372
116    23.094372
117    23.094372
118    23.094372
119    23.094372
Name: max_cte_during_run, Length: 120, dtype: float64",120,False,False,True,False,False,True,0.1581801921129226,1.1120271975631066,12.050638172161603,15.103987681162524,12.050638172161603,4.034748554229736,158,LEFT,5,2,run_1.csv
exceeded_cte_and_continued_straight,"0      32.956477
1      32.956477
2      32.956477
3      32.956477
4      32.956477
         ...    
115    32.956477
116    32.956477
117    32.956477
118    32.956477
119    32.956477
Name: max_cte_during_run, Length: 120, dtype: float64",120,False,False,True,False,False,True,4.990874290466309,0.033016621781509166,13.04646272932617,13.767488641915019,13.04646272932617,4.990874290466309,159,LEFT,5,3,run_1.csv
exceeded_cte_and_continued_straight,"0      32.962669
1      32.962669
2      32.962669
3      32.962669
4      32.962669
         ...    
115    32.962669
116    32.962669
117    32.962669
118    32.962669
119    32.962669
Name: max_cte_during_run, Length: 120, dtype: float64",120,False,False,True,False,False,True,4.993387699127197,0.07048318854707324,13.155674327706572,13.59107563990919,13.155674327706572,4.993387699127197,160,LEFT,5,4,run_1.csv
exceeded_cte_and_continued_straight,"0      32.88332
1      32.88332
2      32.88332
3      32.88332
4      32.88332
         ...   
115    32.88332
116    32.88332
117    32.88332
118    32.88332
119    32.88332
Name: max_cte_during_run, Length: 120, dtype: float64",120,False,False,True,False,False,True,4.976192474365234,0.813106548202787,12.288996382863703,14.99103646362332,12.288996382863703,4.976192474365234,161,LEFT,5,5,run_1.csv
exceeded_cte_and_continued_straight,"0      32.864972
1      32.864972
2      32.864972
3      32.864972
4      32.864972
         ...    
115    32.864972
116    32.864972
117    32.864972
118    32.864972
119    32.864972
Name: max_cte_during_run, Length: 120, dtype: float64",120,False,False,True,False,False,True,4.950701713562012,0.5476924837855158,12.313167832092208,15.027579774417632,12.313167832092208,4.950701713562012,162,LEFT,5,6,run_1.csv
exceeded_cte_and_continued_straight,"0      32.807884
1      32.807884
2      32.807884
3      32.807884
4      32.807884
         ...    
115    32.807884
116    32.807884
117    32.807884
118    32.807884
119    32.807884
Name: max_cte_during_run, Length: 120, dtype: float64",120,False,False,True,False,False,True,4.945949077606201,0.6914042760563545,12.051922185380025,15.159673311143395,12.051922185380025,4.945949077606201,163,LEFT,5,7,run_1.csv
exceeded_cte_and_continued_straight,"0      32.932979
1      32.932979
2      32.932979
3      32.932979
4      32.932979
         ...    
115    32.932979
116    32.932979
117    32.932979
118    32.932979
119    32.932979
Name: max_cte_during_run, Length: 120, dtype: float64",120,False,False,True,False,False,True,4.9858245849609375,0.8877770943379512,12.321471469470497,15.089162973397503,12.321471469470497,4.9858245849609375,164,LEFT,5,8,run_1.csv
hit_obstacle,"0      1.739756
1      1.739756
2      1.739756
3      1.739756
4      1.739756
         ...   
115    1.739756
116    1.739756
117    1.739756
118    1.739756
119    1.739756
Name: max_cte_during_run, Length: 120, dtype: float64",66,False,True,False,False,False,False,0.0081292456015944,13.862232503308036,5.632329656743683,15.259242611944158,5.632329656743683,0.0081292456015944,165,LEFT,5,9,run_1.csv
hit_obstacle,"0      1.773545
1      1.773545
2      1.773545
3      1.773545
4      1.773545
         ...   
115    1.773545
116    1.773545
117    1.773545
118    1.773545
119    1.773545
Name: max_cte_during_run, Length: 120, dtype: float64",86,False,True,False,False,False,False,0.0397558882832527,13.639560600276232,6.148752212143088,15.157836237497706,6.148752212143088,0.0397558882832527,166,LEFT,5,10,run_1.csv
hit_obstacle,"0      1.738099
1      1.738099
2      1.738099
3      1.738099
4      1.738099
         ...   
115    1.738099
116    1.738099
117    1.738099
118    1.738099
119    1.738099
Name: max_cte_during_run, Length: 120, dtype: float64",80,False,True,False,False,False,False,0.0154187511652708,13.830744969599607,5.70369850171918,15.104805520468654,5.70369850171918,0.0154187511652708,168,LEFT,5,12,run_1.csv
hit_obstacle,"0      1.241166
1      1.241166
2      1.241166
3      1.241166
4      1.241166
         ...   
115    1.241166
116    1.241166
117    1.241166
118    1.241166
119    1.241166
Name: max_cte_during_run, Length: 120, dtype: float64",89,True,True,False,True,False,True,0.0036871756892651,14.475784092805139,1.0472639404937933,15.05150159778392,1.0472639404937933,0.0036871756892651,178,LEFT,5,22,run_1.csv
exceeded_cte_and_continued_straight,"0      26.14854
1      26.14854
2      26.14854
3      26.14854
4      26.14854
         ...   
115    26.14854
116    26.14854
117    26.14854
118    26.14854
119    26.14854
Name: max_cte_during_run, Length: 120, dtype: float64",120,False,False,True,False,False,True,1.4225589036941528,1.120381964812524,12.462750343609482,14.71203726200794,12.462750343609482,4.067087173461914,188,LEFT,6,1,run_1.csv
exceeded_cte_and_continued_straight,"0      32.848226
1      32.848226
2      32.848226
3      32.848226
4      32.848226
         ...    
115    32.848226
116    32.848226
117    32.848226
118    32.848226
119    32.848226
Name: max_cte_during_run, Length: 120, dtype: float64",120,False,False,True,False,False,True,4.976541519165039,0.9360135797106794,12.097198377353546,14.894705421790466,12.097198377353546,4.976541519165039,189,LEFT,6,2,run_1.csv
exceeded_cte_and_continued_straight,"0      32.958116
1      32.958116
2      32.958116
3      32.958116
4      32.958116
         ...    
115    32.958116
116    32.958116
117    32.958116
118    32.958116
119    32.958116
Name: max_cte_during_run, Length: 120, dtype: float64",120,False,False,True,False,False,True,4.981674671173096,0.13262469196233598,13.249747480207592,13.311403004076553,13.249747480207592,4.981674671173096,190,LEFT,6,3,run_1.csv
exceeded_cte_and_continued_straight,"0      32.914294
1      32.914294
2      32.914294
3      32.914294
4      32.914294
         ...    
115    32.914294
116    32.914294
117    32.914294
118    32.914294
119    32.914294
Name: max_cte_during_run, Length: 120, dtype: float64",120,False,False,True,False,False,True,4.974279403686523,0.8690887934403577,12.329962149328342,14.961932710982813,12.329962149328342,4.974279403686523,191,LEFT,6,4,run_1.csv
exceeded_cte_and_continued_straight,"0      32.816741
1      32.816741
2      32.816741
3      32.816741
4      32.816741
         ...    
115    32.816741
116    32.816741
117    32.816741
118    32.816741
119    32.816741
Name: max_cte_during_run, Length: 120, dtype: float64",120,False,False,True,False,False,True,4.965277194976807,0.8303573862663449,12.190656031026686,14.984265024382832,12.190656031026686,4.965277194976807,192,LEFT,6,5,run_1.csv
exceeded_cte_and_continued_straight,"0      32.886666
1      32.886666
2      32.886666
3      32.886666
4      32.886666
         ...    
115    32.886666
116    32.886666
117    32.886666
118    32.886666
119    32.886666
Name: max_cte_during_run, Length: 120, dtype: float64",120,False,False,True,False,False,True,4.980620861053467,0.8259891859840889,12.153672243954485,15.214236371514117,12.153672243954485,4.980620861053467,193,LEFT,6,6,run_1.csv
exceeded_cte_and_continued_straight,"0      32.80982
1      32.80982
2      32.80982
3      32.80982
4      32.80982
         ...   
115    32.80982
116    32.80982
117    32.80982
118    32.80982
119    32.80982
Name: max_cte_during_run, Length: 120, dtype: float64",120,False,False,True,False,False,True,4.995397090911865,0.15622109917931007,12.334295638505605,14.285561573202596,12.334295638505605,4.995397090911865,194,LEFT,6,7,run_1.csv
exceeded_cte_and_continued_straight,"0      32.743366
1      32.743366
2      32.743366
3      32.743366
4      32.743366
         ...    
115    32.743366
116    32.743366
117    32.743366
118    32.743366
119    32.743366
Name: max_cte_during_run, Length: 120, dtype: float64",120,False,False,True,False,False,True,5.001250267028809,0.9393692182744213,11.926924158860706,15.18578619396437,11.926924158860706,5.001250267028809,195,LEFT,6,8,run_1.csv
hit_obstacle,"0      1.742796
1      1.742796
2      1.742796
3      1.742796
4      1.742796
         ...   
115    1.742796
116    1.742796
117    1.742796
118    1.742796
119    1.742796
Name: max_cte_during_run, Length: 120, dtype: float64",66,False,True,False,False,False,False,0.0094397161155939,13.901247560507706,5.729663893712435,15.254183677429838,5.729663893712435,0.0094397161155939,196,LEFT,6,9,run_1.csv
hit_obstacle,"0      1.30207
1      1.30207
2      1.30207
3      1.30207
4      1.30207
        ...   
115    1.30207
116    1.30207
117    1.30207
118    1.30207
119    1.30207
Name: max_cte_during_run, Length: 120, dtype: float64",88,True,True,False,True,False,True,0.0150234131142497,14.262089169282946,1.001249935513595,15.276492721537583,1.001249935513595,0.0150234131142497,197,LEFT,6,10,run_1.csv
hit_obstacle,"0      1.735723
1      1.735723
2      1.735723
3      1.735723
4      1.735723
         ...   
115    1.735723
116    1.735723
117    1.735723
118    1.735723
119    1.735723
Name: max_cte_during_run, Length: 120, dtype: float64",87,False,True,False,False,False,False,0.0262023136019706,14.003917953357227,5.557164101678362,15.281776578311355,5.557164101678362,0.0262023136019706,198,LEFT,6,11,run_1.csv
hit_obstacle,"0      1.66699
1      1.66699
2      1.66699
3      1.66699
4      1.66699
        ...   
115    1.66699
116    1.66699
117    1.66699
118    1.66699
119    1.66699
Name: max_cte_during_run, Length: 120, dtype: float64",93,False,True,False,False,False,False,0.0278152376413345,14.211432774586195,2.7227565341330973,15.231858921794688,2.7227565341330973,0.0278152376413345,199,LEFT,6,12,run_1.csv
exceeded_cte_and_continued_straight,"0      26.040489
1      26.040489
2      26.040489
3      26.040489
4      26.040489
         ...    
115    26.040489
116    26.040489
117    26.040489
118    26.040489
119    26.040489
Name: max_cte_during_run, Length: 120, dtype: float64",120,False,False,True,False,False,True,1.3936359882354736,0.8927218277709273,12.410049571621952,14.79351477145142,12.410049571621952,4.047703742980957,219,LEFT,7,1,run_1.csv
exceeded_cte_and_continued_straight,"0      32.791305
1      32.791305
2      32.791305
3      32.791305
4      32.791305
         ...    
115    32.791305
116    32.791305
117    32.791305
118    32.791305
119    32.791305
Name: max_cte_during_run, Length: 120, dtype: float64",120,False,False,True,False,False,True,4.992031097412109,1.1307496919679856,12.200417921468087,14.97644188709671,12.200417921468087,4.992031097412109,220,LEFT,7,2,run_1.csv
exceeded_cte_and_continued_straight,"0      32.851266
1      32.851266
2      32.851266
3      32.851266
4      32.851266
         ...    
115    32.851266
116    32.851266
117    32.851266
118    32.851266
119    32.851266
Name: max_cte_during_run, Length: 120, dtype: float64",120,False,False,True,False,False,True,4.982003211975098,0.702184305699529,12.244984866964527,14.96179409547555,12.244984866964527,4.982003211975098,221,LEFT,7,3,run_1.csv
exceeded_cte_and_continued_straight,"0      32.85342
1      32.85342
2      32.85342
3      32.85342
4      32.85342
         ...   
115    32.85342
116    32.85342
117    32.85342
118    32.85342
119    32.85342
Name: max_cte_during_run, Length: 120, dtype: float64",120,False,False,True,False,False,True,4.986027240753174,0.7079790693647506,12.114575482074413,15.170695030873782,12.114575482074413,4.986027240753174,222,LEFT,7,4,run_1.csv
exceeded_cte_and_continued_straight,"0      32.901073
1      32.901073
2      32.901073
3      32.901073
4      32.901073
         ...    
115    32.901073
116    32.901073
117    32.901073
118    32.901073
119    32.901073
Name: max_cte_during_run, Length: 120, dtype: float64",120,False,False,True,False,False,True,4.9505534172058105,1.015721283480063,12.256909712507943,14.947992241130107,12.256909712507943,4.9505534172058105,223,LEFT,7,5,run_1.csv
exceeded_cte_and_continued_straight,"0      32.843683
1      32.843683
2      32.843683
3      32.843683
4      32.843683
         ...    
115    32.843683
116    32.843683
117    32.843683
118    32.843683
119    32.843683
Name: max_cte_during_run, Length: 120, dtype: float64",120,False,False,True,False,False,True,4.934074878692627,0.1099041047675674,12.314666478864014,14.716059985290597,12.314666478864014,4.934074878692627,224,LEFT,7,6,run_1.csv
hit_obstacle,"0      1.767051
1      1.767051
2      1.767051
3      1.767051
4      1.767051
         ...   
115    1.767051
116    1.767051
117    1.767051
118    1.767051
119    1.767051
Name: max_cte_during_run, Length: 120, dtype: float64",65,False,True,False,False,False,False,0.0474963001906871,13.698063795683316,5.925847770988677,15.22751070013346,5.925847770988677,0.0474963001906871,225,LEFT,7,7,run_1.csv
hit_obstacle,"0      1.75951
1      1.75951
2      1.75951
3      1.75951
4      1.75951
        ...   
115    1.75951
116    1.75951
117    1.75951
118    1.75951
119    1.75951
Name: max_cte_during_run, Length: 120, dtype: float64",86,False,True,False,False,False,False,0.0349054560065269,13.72660541983834,6.079229221214846,15.19051060165504,6.079229221214846,0.0349054560065269,226,LEFT,7,8,run_1.csv
hit_obstacle,"0      1.715791
1      1.715791
2      1.715791
3      1.715791
4      1.715791
         ...   
115    1.715791
116    1.715791
117    1.715791
118    1.715791
119    1.715791
Name: max_cte_during_run, Length: 120, dtype: float64",90,False,True,False,False,False,False,0.0257498025894165,14.205503748737819,4.46419320352347,15.258940814320804,4.46419320352347,0.0257498025894165,227,LEFT,7,9,run_1.csv
hit_obstacle,"0      1.305496
1      1.305496
2      1.305496
3      1.305496
4      1.305496
         ...   
115    1.305496
116    1.305496
117    1.305496
118    1.305496
119    1.305496
Name: max_cte_during_run, Length: 120, dtype: float64",88,True,True,False,True,False,True,0.0024935789406299,14.14340685680648,1.0831984072982135,15.072545061485831,1.0831984072982135,0.0024935789406299,229,LEFT,7,11,run_1.csv
exceeded_cte_and_continued_straight,"0      26.200584
1      26.200584
2      26.200584
3      26.200584
4      26.200584
         ...    
115    26.200584
116    26.200584
117    26.200584
118    26.200584
119    26.200584
Name: max_cte_during_run, Length: 120, dtype: float64",120,False,False,True,False,False,True,1.533389687538147,0.16527250687066927,13.178670412741567,13.52089443129521,13.178670412741567,4.001372814178467,250,LEFT,8,1,run_1.csv
exceeded_cte_and_continued_straight,"0      32.909616
1      32.909616
2      32.909616
3      32.909616
4      32.909616
         ...    
115    32.909616
116    32.909616
117    32.909616
118    32.909616
119    32.909616
Name: max_cte_during_run, Length: 120, dtype: float64",120,False,False,True,False,False,True,4.974897861480713,0.1656748761586039,12.562109340590059,14.789617619363357,12.562109340590059,4.974897861480713,251,LEFT,8,2,run_1.csv
exceeded_cte_and_continued_straight,"0      32.892193
1      32.892193
2      32.892193
3      32.892193
4      32.892193
         ...    
115    32.892193
116    32.892193
117    32.892193
118    32.892193
119    32.892193
Name: max_cte_during_run, Length: 120, dtype: float64",120,False,False,True,False,False,True,4.987559795379639,0.24127849726367465,12.408947376094037,15.015984396561567,12.408947376094037,4.987559795379639,252,LEFT,8,3,run_1.csv
exceeded_cte_and_continued_straight,"0      32.952891
1      32.952891
2      32.952891
3      32.952891
4      32.952891
         ...    
115    32.952891
116    32.952891
117    32.952891
118    32.952891
119    32.952891
Name: max_cte_during_run, Length: 120, dtype: float64",120,False,False,True,False,False,True,4.976187705993652,0.22704622420486584,12.581233199663052,14.779077379098304,12.581233199663052,4.976187705993652,253,LEFT,8,4,run_1.csv
exceeded_cte_and_continued_straight,"0      32.903288
1      32.903288
2      32.903288
3      32.903288
4      32.903288
         ...    
115    32.903288
116    32.903288
117    32.903288
118    32.903288
119    32.903288
Name: max_cte_during_run, Length: 120, dtype: float64",120,False,False,True,False,False,True,4.985996723175049,0.6660801884272761,12.324645905854524,15.088486748849213,12.324645905854524,4.985996723175049,254,LEFT,8,5,run_1.csv
exceeded_cte_and_continued_straight,"0      32.895239
1      32.895239
2      32.895239
3      32.895239
4      32.895239
         ...    
115    32.895239
116    32.895239
117    32.895239
118    32.895239
119    32.895239
Name: max_cte_during_run, Length: 120, dtype: float64",120,False,False,True,False,False,True,4.989540100097656,0.7996029803977072,12.15782568908083,15.13354328242313,12.15782568908083,4.989540100097656,255,LEFT,8,6,run_1.csv
hit_obstacle,"0      2.851369
1      2.851369
2      2.851369
3      2.851369
4      2.851369
         ...   
115    2.851369
116    2.851369
117    2.851369
118    2.851369
119    2.851369
Name: max_cte_during_run, Length: 120, dtype: float64",120,False,True,False,False,False,False,0.0033119197469204,12.514446438649555,8.976879163131413,15.186458605417089,8.976879163131413,0.0033119197469204,256,LEFT,8,7,run_1.csv
hit_obstacle,"0      1.878938
1      1.878938
2      1.878938
3      1.878938
4      1.878938
         ...   
115    1.878938
116    1.878938
117    1.878938
118    1.878938
119    1.878938
Name: max_cte_during_run, Length: 120, dtype: float64",84,False,True,False,False,False,False,0.0110186459496617,13.469422893925376,7.772292427872796,15.22227957034747,7.772292427872796,0.0110186459496617,257,LEFT,8,8,run_1.csv
exceeded_cte_and_continued_straight,"0      25.751209
1      25.751209
2      25.751209
3      25.751209
4      25.751209
         ...    
115    25.751209
116    25.751209
117    25.751209
118    25.751209
119    25.751209
Name: max_cte_during_run, Length: 120, dtype: float64",120,False,False,True,False,False,True,1.3269973993301392,0.15176266130449828,13.266340614504081,13.358796826103612,13.266340614504081,4.054548263549805,281,LEFT,9,1,run_1.csv
exceeded_cte_and_continued_straight,"0      32.907087
1      32.907087
2      32.907087
3      32.907087
4      32.907087
         ...    
115    32.907087
116    32.907087
117    32.907087
118    32.907087
119    32.907087
Name: max_cte_during_run, Length: 120, dtype: float64",120,False,False,True,False,False,True,4.948345184326172,0.0954835758979288,12.62860041338949,14.181512524583711,12.62860041338949,4.948345184326172,282,LEFT,9,2,run_1.csv
exceeded_cte_and_continued_straight,"0      32.906149
1      32.906149
2      32.906149
3      32.906149
4      32.906149
         ...    
115    32.906149
116    32.906149
117    32.906149
118    32.906149
119    32.906149
Name: max_cte_during_run, Length: 120, dtype: float64",120,False,False,True,False,False,True,4.951767444610596,0.04581380473532967,12.616427576873866,14.254497584223227,12.616427576873866,4.951767444610596,283,LEFT,9,3,run_1.csv
exceeded_cte_and_continued_straight,"0      32.895953
1      32.895953
2      32.895953
3      32.895953
4      32.895953
         ...    
115    32.895953
116    32.895953
117    32.895953
118    32.895953
119    32.895953
Name: max_cte_during_run, Length: 120, dtype: float64",120,False,False,True,False,False,True,4.981496334075928,0.8795117545871229,12.34183430411159,14.939433193262941,12.34183430411159,4.981496334075928,284,LEFT,9,4,run_1.csv
exceeded_cte_and_continued_straight,"0      32.686062
1      32.686062
2      32.686062
3      32.686062
4      32.686062
         ...    
115    32.686062
116    32.686062
117    32.686062
118    32.686062
119    32.686062
Name: max_cte_during_run, Length: 120, dtype: float64",120,False,False,True,False,False,True,4.945826053619385,0.87841791272362,11.925422801539186,15.119608349556014,11.925422801539186,4.945826053619385,285,LEFT,9,5,run_1.csv
exceeded_cte_and_continued_straight,"0      32.861557
1      32.861557
2      32.861557
3      32.861557
4      32.861557
         ...    
115    32.861557
116    32.861557
117    32.861557
118    32.861557
119    32.861557
Name: max_cte_during_run, Length: 120, dtype: float64",120,False,False,True,False,False,True,4.939913749694824,0.4146842298751788,12.282122385170117,15.125072861359781,12.282122385170117,4.939913749694824,286,LEFT,9,6,run_1.csv
exceeded_cte_and_continued_straight,"0      32.570662
1      32.570662
2      32.570662
3      32.570662
4      32.570662
         ...    
115    32.570662
116    32.570662
117    32.570662
118    32.570662
119    32.570662
Name: max_cte_during_run, Length: 120, dtype: float64",120,False,False,True,False,False,True,4.932511329650879,0.6492013433203832,11.56147422702723,15.080725147279678,11.56147422702723,4.932511329650879,287,LEFT,9,7,run_1.csv
hit_obstacle,"0      1.743005
1      1.743005
2      1.743005
3      1.743005
4      1.743005
         ...   
115    1.743005
116    1.743005
117    1.743005
118    1.743005
119    1.743005
Name: max_cte_during_run, Length: 120, dtype: float64",66,False,True,False,False,False,False,0.0173529032617807,13.774141609391894,5.915461497093112,15.07261138888803,5.915461497093112,0.0173529032617807,288,LEFT,9,8,run_1.csv
hit_obstacle,"0      1.73064
1      1.73064
2      1.73064
3      1.73064
4      1.73064
        ...   
115    1.73064
116    1.73064
117    1.73064
118    1.73064
119    1.73064
Name: max_cte_during_run, Length: 120, dtype: float64",88,False,True,False,False,False,False,0.0199047978967428,13.94545178211311,5.543407339991305,15.164146168434284,5.543407339991305,0.0199047978967428,289,LEFT,9,9,run_1.csv
exceeded_cte_and_continued_straight,"0      25.849333
1      25.849333
2      25.849333
3      25.849333
4      25.849333
         ...    
115    25.849333
116    25.849333
117    25.849333
118    25.849333
119    25.849333
Name: max_cte_during_run, Length: 120, dtype: float64",120,False,False,True,False,False,True,1.3488751649856567,0.20391330456297727,13.252253256027084,13.38743830882723,13.252253256027084,4.001446723937988,312,LEFT,10,1,run_1.csv
otherwise_exceeded_cte,"0      32.965899
1      32.965899
2      32.965899
3      32.965899
4      32.965899
         ...    
115    32.965899
116    32.965899
117    32.965899
118    32.965899
119    32.965899
Name: max_cte_during_run, Length: 120, dtype: float64",120,False,False,False,False,False,False,4.966508388519287,3.32407381438414,12.431283939166944,14.742978527652635,12.431283939166944,4.966508388519287,313,LEFT,10,2,run_1.csv
exceeded_cte_and_continued_straight,"0      32.945985
1      32.945985
2      32.945985
3      32.945985
4      32.945985
         ...    
115    32.945985
116    32.945985
117    32.945985
118    32.945985
119    32.945985
Name: max_cte_during_run, Length: 120, dtype: float64",120,False,False,True,False,False,True,4.945267200469971,0.7666372440186761,12.449737700208637,14.781632061630763,12.449737700208637,4.945267200469971,314,LEFT,10,3,run_1.csv
exceeded_cte_and_continued_straight,"0      32.993241
1      32.993241
2      32.993241
3      32.993241
4      32.993241
         ...    
115    32.993241
116    32.993241
117    32.993241
118    32.993241
119    32.993241
Name: max_cte_during_run, Length: 120, dtype: float64",120,False,False,True,False,False,True,4.962188243865967,0.47624043992416487,12.443821074926284,14.959962228437663,12.443821074926284,4.962188243865967,315,LEFT,10,4,run_1.csv
exceeded_cte_and_continued_straight,"0      32.89924
1      32.89924
2      32.89924
3      32.89924
4      32.89924
         ...   
115    32.89924
116    32.89924
117    32.89924
118    32.89924
119    32.89924
Name: max_cte_during_run, Length: 120, dtype: float64",120,False,False,True,False,False,True,4.980453014373779,0.965297009411231,12.262000552324189,14.956319348248226,12.262000552324189,4.980453014373779,316,LEFT,10,5,run_1.csv
exceeded_cte_and_continued_straight,"0      32.84884
1      32.84884
2      32.84884
3      32.84884
4      32.84884
         ...   
115    32.84884
116    32.84884
117    32.84884
118    32.84884
119    32.84884
Name: max_cte_during_run, Length: 120, dtype: float64",120,False,False,True,False,False,True,4.982377052307129,0.6904570121059038,11.972292382049224,14.938568581067411,11.972292382049224,4.982377052307129,317,LEFT,10,6,run_1.csv
hit_obstacle,"0      18.697223
1      18.697223
2      18.697223
3      18.697223
4      18.697223
         ...    
115    18.697223
116    18.697223
117    18.697223
118    18.697223
119    18.697223
Name: max_cte_during_run, Length: 120, dtype: float64",113,False,True,False,False,False,False,0.0008830640581436,8.34288018695409,10.327464111414997,15.01784788284916,10.327464111414997,0.0008830640581436,318,LEFT,10,7,run_1.csv
hit_obstacle,"0      1.739291
1      1.739291
2      1.739291
3      1.739291
4      1.739291
         ...   
115    1.739291
116    1.739291
117    1.739291
118    1.739291
119    1.739291
Name: max_cte_during_run, Length: 120, dtype: float64",82,False,True,False,False,False,False,0.0242437124252319,13.798624884566783,5.826410278041355,15.08697910930379,5.826410278041355,0.0242437124252319,319,LEFT,10,8,run_1.csv
hit_obstacle,"0      1.728232
1      1.728232
2      1.728232
3      1.728232
4      1.728232
         ...   
115    1.728232
116    1.728232
117    1.728232
118    1.728232
119    1.728232
Name: max_cte_during_run, Length: 120, dtype: float64",89,False,True,False,False,False,False,0.0103313578292727,14.075685759203294,5.221472399081423,14.937173876891551,5.221472399081423,0.0103313578292727,320,LEFT,10,9,run_1.csv
hit_obstacle,"0      1.330602
1      1.330602
2      1.330602
3      1.330602
4      1.330602
         ...   
115    1.330602
116    1.330602
117    1.330602
118    1.330602
119    1.330602
Name: max_cte_during_run, Length: 120, dtype: float64",83,True,True,False,True,False,True,0.0094250505790114,14.075871790125287,1.0744327866207852,14.916809253375245,1.0744327866207852,0.0094250505790114,322,LEFT,10,11,run_1.csv
hit_obstacle,"0      1.718082
1      1.718082
2      1.718082
3      1.718082
4      1.718082
         ...   
115    1.718082
116    1.718082
117    1.718082
118    1.718082
119    1.718082
Name: max_cte_during_run, Length: 120, dtype: float64",90,False,True,False,False,False,False,0.0067840740084648,14.176209792878563,4.8918795981881855,15.057669177118068,4.8918795981881855,0.0067840740084648,323,LEFT,10,12,run_1.csv
otherwise_exceeded_cte,"0      17.674138
1      17.674138
2      17.674138
3      17.674138
4      17.674138
         ...    
115    17.674138
116    17.674138
117    17.674138
118    17.674138
119    17.674138
Name: max_cte_during_run, Length: 120, dtype: float64",120,False,False,False,False,False,False,1.61116361618042,8.494925124621103,10.491421309918628,14.655249638941088,10.491421309918628,4.002934455871582,343,LEFT,11,1,run_1.csv
exceeded_cte_and_continued_straight,"0      30.344021
1      30.344021
2      30.344021
3      30.344021
4      30.344021
         ...    
115    30.344021
116    30.344021
117    30.344021
118    30.344021
119    30.344021
Name: max_cte_during_run, Length: 120, dtype: float64",120,False,False,True,False,False,True,3.2537059783935547,0.24377404085415363,12.66841315224929,14.601093927935974,12.66841315224929,4.021719455718994,344,LEFT,11,2,run_1.csv
exceeded_cte_and_continued_straight,"0      32.929618
1      32.929618
2      32.929618
3      32.929618
4      32.929618
         ...    
115    32.929618
116    32.929618
117    32.929618
118    32.929618
119    32.929618
Name: max_cte_during_run, Length: 120, dtype: float64",120,False,False,True,False,False,True,4.987301826477051,0.7590189043555889,12.277004280650468,14.865369727191196,12.277004280650468,4.987301826477051,345,LEFT,11,3,run_1.csv
exceeded_cte_and_continued_straight,"0      32.923606
1      32.923606
2      32.923606
3      32.923606
4      32.923606
         ...    
115    32.923606
116    32.923606
117    32.923606
118    32.923606
119    32.923606
Name: max_cte_during_run, Length: 120, dtype: float64",120,False,False,True,False,False,True,4.990412712097168,0.9753406300928659,12.278212028755489,14.955946139268017,12.278212028755489,4.990412712097168,346,LEFT,11,4,run_1.csv
exceeded_cte_and_continued_straight,"0      32.894719
1      32.894719
2      32.894719
3      32.894719
4      32.894719
         ...    
115    32.894719
116    32.894719
117    32.894719
118    32.894719
119    32.894719
Name: max_cte_during_run, Length: 120, dtype: float64",120,False,False,True,False,False,True,4.983492374420166,0.7644738528543904,12.093355169350867,14.934146026442662,12.093355169350867,4.983492374420166,347,LEFT,11,5,run_1.csv
exceeded_cte_and_continued_straight,"0      32.103447
1      32.103447
2      32.103447
3      32.103447
4      32.103447
         ...    
115    32.103447
116    32.103447
117    32.103447
118    32.103447
119    32.103447
Name: max_cte_during_run, Length: 120, dtype: float64",120,False,False,True,False,False,True,4.824450969696045,1.1774758171553006,10.892416609133079,15.01594275959398,10.892416609133079,4.824450969696045,348,LEFT,11,6,run_1.csv
hit_obstacle,"0      1.880001
1      1.880001
2      1.880001
3      1.880001
4      1.880001
         ...   
115    1.880001
116    1.880001
117    1.880001
118    1.880001
119    1.880001
Name: max_cte_during_run, Length: 120, dtype: float64",64,False,True,False,False,False,False,0.0099525107070803,13.353437757597296,7.822938381381478,14.971381702938405,7.822938381381478,0.0099525107070803,349,LEFT,11,7,run_1.csv
hit_obstacle,"0      1.565318
1      1.565318
2      1.565318
3      1.565318
4      1.565318
         ...   
115    1.565318
116    1.565318
117    1.565318
118    1.565318
119    1.565318
Name: max_cte_during_run, Length: 120, dtype: float64",92,True,True,False,True,False,True,0.0056928917765617,14.085442474752071,1.4579392855893265,14.873972351024948,1.4579392855893265,0.0056928917765617,355,LEFT,11,13,run_1.csv
exceeded_cte_and_continued_straight,"0      25.946446
1      25.946446
2      25.946446
3      25.946446
4      25.946446
         ...    
115    25.946446
116    25.946446
117    25.946446
118    25.946446
119    25.946446
Name: max_cte_during_run, Length: 120, dtype: float64",120,False,False,True,False,False,True,1.3962990045547483,0.4052070551999377,12.58295160069169,14.703317746976785,12.58295160069169,4.023416519165039,374,LEFT,12,1,run_1.csv
exceeded_cte_and_continued_straight,"0      32.981098
1      32.981098
2      32.981098
3      32.981098
4      32.981098
         ...    
115    32.981098
116    32.981098
117    32.981098
118    32.981098
119    32.981098
Name: max_cte_during_run, Length: 120, dtype: float64",120,False,False,True,False,False,True,4.911091327667236,0.43733289675041975,12.481836905837858,14.906594963000112,12.481836905837858,4.911091327667236,375,LEFT,12,2,run_1.csv
exceeded_cte_and_continued_straight,"0      32.898614
1      32.898614
2      32.898614
3      32.898614
4      32.898614
         ...    
115    32.898614
116    32.898614
117    32.898614
118    32.898614
119    32.898614
Name: max_cte_during_run, Length: 120, dtype: float64",120,False,False,True,False,False,True,4.951030731201172,1.1244986335003078,12.296404620777118,14.945531744358911,12.296404620777118,4.951030731201172,376,LEFT,12,3,run_1.csv
exceeded_cte_and_continued_straight,"0      32.772553
1      32.772553
2      32.772553
3      32.772553
4      32.772553
         ...    
115    32.772553
116    32.772553
117    32.772553
118    32.772553
119    32.772553
Name: max_cte_during_run, Length: 120, dtype: float64",120,False,False,True,False,False,True,4.9658918380737305,0.8627552374089992,11.982285174261598,14.957712819620399,11.982285174261598,4.9658918380737305,377,LEFT,12,4,run_1.csv
exceeded_cte_and_continued_straight,"0      32.477798
1      32.477798
2      32.477798
3      32.477798
4      32.477798
         ...    
115    32.477798
116    32.477798
117    32.477798
118    32.477798
119    32.477798
Name: max_cte_during_run, Length: 120, dtype: float64",120,False,False,True,False,False,True,4.935308933258057,1.2109142169761755,11.208816358657055,14.939948693938288,11.208816358657055,4.935308933258057,378,LEFT,12,5,run_1.csv
hit_obstacle,"0      1.877746
1      1.877746
2      1.877746
3      1.877746
4      1.877746
         ...   
115    1.877746
116    1.877746
117    1.877746
118    1.877746
119    1.877746
Name: max_cte_during_run, Length: 120, dtype: float64",64,False,True,False,False,False,False,0.010213503614068,13.356784872371637,7.79624643743292,14.982188114377465,7.79624643743292,0.010213503614068,379,LEFT,12,6,run_1.csv
hit_obstacle,"0      1.564207
1      1.564207
2      1.564207
3      1.564207
4      1.564207
         ...   
115    1.564207
116    1.564207
117    1.564207
118    1.564207
119    1.564207
Name: max_cte_during_run, Length: 120, dtype: float64",92,True,True,False,True,False,True,0.0016803306061774,14.087514187008566,1.4560765125505375,14.876304491528819,1.4560765125505375,0.0016803306061774,384,LEFT,12,11,run_1.csv
exceeded_cte_and_continued_straight,"0      26.053228
1      26.053228
2      26.053228
3      26.053228
4      26.053228
         ...    
115    26.053228
116    26.053228
117    26.053228
118    26.053228
119    26.053228
Name: max_cte_during_run, Length: 120, dtype: float64",120,False,False,True,False,False,True,1.390346884727478,0.9243272329861756,12.477885501466844,14.695514738440075,12.477885501466844,4.050285339355469,405,LEFT,13,1,run_1.csv
exceeded_cte_and_continued_straight,"0      25.770261
1      25.770261
2      25.770261
3      25.770261
4      25.770261
         ...    
115    25.770261
116    25.770261
117    25.770261
118    25.770261
119    25.770261
Name: max_cte_during_run, Length: 120, dtype: float64",120,False,False,True,False,False,True,1.2891701459884644,1.5962566973495318,12.091433328791734,14.781383147538872,12.091433328791734,4.069447040557861,407,LEFT,13,3,run_1.csv
hit_obstacle,"0      1.96376
1      1.96376
2      1.96376
3      1.96376
4      1.96376
        ...   
115    1.96376
116    1.96376
117    1.96376
118    1.96376
119    1.96376
Name: max_cte_during_run, Length: 120, dtype: float64",93,False,True,False,False,False,False,0.0057019116356968,13.147299979269544,8.266137820201836,14.769614184339972,8.266137820201836,0.0057019116356968,408,LEFT,13,4,run_1.csv
hit_obstacle,"0      10.099193
1      10.099193
2      10.099193
3      10.099193
4      10.099193
         ...    
115    10.099193
116    10.099193
117    10.099193
118    10.099193
119    10.099193
Name: max_cte_during_run, Length: 120, dtype: float64",120,False,True,False,False,False,False,0.2421355694532394,8.093999401262215,10.351132672322212,14.860646978867614,10.351132672322212,0.5206493139266968,409,LEFT,13,5,run_1.csv
exceeded_cte_and_continued_straight,"0      26.016767
1      26.016767
2      26.016767
3      26.016767
4      26.016767
         ...    
115    26.016767
116    26.016767
117    26.016767
118    26.016767
119    26.016767
Name: max_cte_during_run, Length: 120, dtype: float64",120,False,False,True,False,False,True,1.4208190441131592,1.1474385319523546,12.275785309635337,14.800561825640521,12.275785309635337,4.039091110229492,436,LEFT,14,1,run_1.csv
hit_obstacle,"0      1.985414
1      1.985414
2      1.985414
3      1.985414
4      1.985414
         ...   
115    1.985414
116    1.985414
117    1.985414
118    1.985414
119    1.985414
Name: max_cte_during_run, Length: 120, dtype: float64",64,False,True,False,False,False,False,0.0066430289298295,13.121226313274347,8.291176406760586,14.812340776892764,8.291176406760586,0.0066430289298295,437,LEFT,14,2,run_1.csv
hit_obstacle,"0      1.730993
1      1.730993
2      1.730993
3      1.730993
4      1.730993
         ...   
115    1.730993
116    1.730993
117    1.730993
118    1.730993
119    1.730993
Name: max_cte_during_run, Length: 120, dtype: float64",90,False,True,False,False,False,False,0.0240029450505971,13.821596905657346,5.574569198429248,14.77879822584708,5.574569198429248,0.0240029450505971,438,LEFT,14,3,run_1.csv
hit_obstacle,"0      1.720905
1      1.720905
2      1.720905
3      1.720905
4      1.720905
         ...   
115    1.720905
116    1.720905
117    1.720905
118    1.720905
119    1.720905
Name: max_cte_during_run, Length: 120, dtype: float64",83,False,True,False,False,False,False,0.0100699691101908,14.141272377494367,5.0965300638377276,14.810975583804435,5.0965300638377276,0.0100699691101908,442,LEFT,14,7,run_1.csv
hit_obstacle,"0      1.231448
1      1.231448
2      1.231448
3      1.231448
4      1.231448
         ...   
115    1.231448
116    1.231448
117    1.231448
118    1.231448
119    1.231448
Name: max_cte_during_run, Length: 120, dtype: float64",89,True,True,False,True,False,True,0.0054833083413541,14.435332564693661,1.0434245792656716,14.73973742588953,1.0434245792656716,0.0054833083413541,447,LEFT,14,12,run_1.csv
hit_obstacle,"0      1.94908
1      1.94908
2      1.94908
3      1.94908
4      1.94908
        ...   
115    1.94908
116    1.94908
117    1.94908
118    1.94908
119    1.94908
Name: max_cte_during_run, Length: 120, dtype: float64",78,False,True,False,False,False,False,0.0124711273238062,13.067159846287907,8.193113509949162,14.574254069966706,8.193113509949162,0.0124711273238062,467,LEFT,15,1,run_1.csv
otherwise_exceeded_cte,"0      15.781939
1      15.781939
2      15.781939
3      15.781939
4      15.781939
         ...    
115    15.781939
116    15.781939
117    15.781939
118    15.781939
119    15.781939
Name: max_cte_during_run, Length: 120, dtype: float64",120,False,False,False,False,False,False,0.2036412209272384,8.44403678940675,10.441915619985423,14.874326577932457,10.441915619985423,3.332770824432373,468,LEFT,15,2,run_1.csv
hit_obstacle,"0      4.15013
1      4.15013
2      4.15013
3      4.15013
4      4.15013
        ...   
115    4.15013
116    4.15013
117    4.15013
118    4.15013
119    4.15013
Name: max_cte_during_run, Length: 120, dtype: float64",120,False,True,False,False,False,False,0.0008712382987141,11.40529726788378,9.966987271280798,14.651657795639403,9.966987271280798,0.0008712382987141,469,LEFT,15,3,run_1.csv
hit_obstacle,"0      1.743222
1      1.743222
2      1.743222
3      1.743222
4      1.743222
         ...   
115    1.743222
116    1.743222
117    1.743222
118    1.743222
119    1.743222
Name: max_cte_during_run, Length: 120, dtype: float64",87,False,True,False,False,False,False,0.0099774803966283,13.652890347968508,6.153377583761042,14.739451798236296,6.153377583761042,0.0099774803966283,470,LEFT,15,4,run_1.csv
hit_obstacle,"0      1.648073
1      1.648073
2      1.648073
3      1.648073
4      1.648073
         ...   
115    1.648073
116    1.648073
117    1.648073
118    1.648073
119    1.648073
Name: max_cte_during_run, Length: 120, dtype: float64",95,True,True,False,True,False,True,0.0152125125750899,14.14983319838851,1.4301934416370161,14.884211866254363,1.4301934416370161,0.0152125125750899,471,LEFT,15,5,run_1.csv
hit_obstacle,"0      1.591207
1      1.591207
2      1.591207
3      1.591207
4      1.591207
         ...   
115    1.591207
116    1.591207
117    1.591207
118    1.591207
119    1.591207
Name: max_cte_during_run, Length: 120, dtype: float64",93,True,True,False,True,False,True,0.0147041408345103,14.13865635342253,1.3427746183433542,14.820663687482726,1.3427746183433542,0.0147041408345103,473,LEFT,15,7,run_1.csv
hit_obstacle,"0      1.588547
1      1.588547
2      1.588547
3      1.588547
4      1.588547
         ...   
115    1.588547
116    1.588547
117    1.588547
118    1.588547
119    1.588547
Name: max_cte_during_run, Length: 120, dtype: float64",98,True,True,False,True,False,True,0.0146148530766367,14.222705489013977,1.362710455911764,14.98637499805518,1.362710455911764,0.0146148530766367,474,LEFT,15,8,run_1.csv
